p7	TAGCACGAGG	1
p7	GCGGATCGAT	2
p7	ATACCTGGAG	3
p7	CCGCGTAAGT	4
p7	AAGGTAGGGA	5
p7	CTTGCAGTAG	6
p7	TCGGGATAAA	7
p7	AATTCGGATG	8
p7	TACTGAAGCG	9
p7	CGTACGTATT	10
p7	CCGTTCAGAT	11
p7	CGGTAACTTG	12
p7	CCAGCACAAG	13
p7	CGTAGGATAT	14
p7	ACGTGTTGGT	15
p7	CCATTGAATC	16
p7	CCTACAAACC	17
p7	GACCTAAGGA	18
p7	AAACTACCAG	19
p7	ACTCCTATGG	20
p7	CGTATTCTAG	21
p7	CCTATGTGTA	22
p7	GACACTTGCG	23
p7	ATCGAGTTCA	24
p7	AACTGCGCCA	25
p7	TGCACATTAC	26
p7	AGTCGGAACG	27
p7	AGCATGGAGA	28
p7	CTACAATTCG	29
p7	ACTGCACAGA	30
p7	GGCACGAACA	31
p7	GTCATGATCT	32
p7	ACTCGCTAAA	33
p7	TGCTCCATGG	34
p7	GCCGCTACTA	35
p7	TCAACGGAGA	36
p7	GCGATGATAA	37
p7	ATCTAAGGCG	38
p7	CCATCTGGCA	39
p7	ATAGCCCGGT	40
p7	CAACCTCATT	41
p7	TCATTGTCTG	42
p7	AAGCTATACC	43
p7	TTACCGAACC	44
p7	CGATATGTAG	45
p7	CGAATCACAC	46
p7	CCTACGAGAG	47
p7	TCGCTGGTGA	48
p7	CTCATAGTGG	49
p7	GGTGGGTAGA	50
p7	GGCCAAGTGA	51
p7	GATGTCTTTC	52
p7	GCAATCCTTG	53
p7	TACATCGTGA	54
p7	ACGATGTACT	55
p7	GCAGTGTCCA	56
p7	CAGAAGTTCG	57
p7	AAGGGTGAAG	58
p7	AGGCGAATCT	59
p7	GAGACTCTGA	60
p7	TTCCATCCTC	61
p7	TACTTTGCGC	62
p7	ATCGATACGT	63
p7	CGACACTACA	64
p7	CACATTCCTA	65
p7	CGCTCGGATA	66
p7	CTGTAATGCT	67
p7	AACTTCTGCT	68
p7	GAACTGAGTG	69
p7	TACTGCCTTG	70
p7	TAACCACTAC	71
p7	GGATTGCCTT	72
p7	TCGCCAAACG	73
p7	GGTTCAAGTA	74
p7	TCCTCCTAAC	75
p7	TTATGGATGC	76
p7	TCTACTGGTA	77
p7	CCAGGTCGTA	78
p7	TGAGTCATGA	79
p7	GTTTGAGTCA	80
p7	CACAGAGTCC	81
p7	TGGTGCGCAT	82
p7	GCCAACTGAG	83
p7	TGCAGTTGTC	84
p7	ACATACCAGG	85
p7	GCGGTGTATG	86
p7	AGCTGGAGTA	87
p7	GAACATGGTC	88
p7	ACTAAGACGA	89
p7	AGGTCACTGA	90
p7	TCTCCGCTTA	91
p7	TCCAGGTCAC	92
p7	TAACACCGTA	93
p7	TGTCCAGTCG	94
p7	AGAGCTGAAT	95
p7	CTATCTCTCC	96
p7	TGACACTGGG	97
p7	GATCTTAGCT	98
p7	ATCCGCAGGT	99
p7	GCGAGTTAAC	100
p7	CTCGCTTAAA	101
p7	CCTCGCACTA	102
p7	AGAACCTATC	103
p7	AAGTGGTTGA	104
p7	AGCAGTTCGT	105
p7	CGACTATCGC	106
p7	ATCCTGGACG	107
p7	CAACTCAACG	108
p7	CGGAACCTCA	109
p7	CTAACTACCG	110
p7	CTGATCAAGC	111
p7	TTTCTCCTGC	112
p7	AGGTCGACTT	113
p7	GTCGGTCAGA	114
p7	TACGCAATGT	115
p7	AGTACTGCAC	116
p7	CAAGAAACGG	117
p7	CACAGCAGAC	118
p7	TTGCGAACGG	119
p7	GTCCTGCATT	120
p7	ATTGTGAGTC	121
p7	TTGTGACATC	122
p7	TGGTAGGTCA	123
p7	TCTCGTGCAT	124
p7	CATTGGACCT	125
p7	GTTCGGAGAG	126
p7	AGTGGAGAGC	127
p7	AGAGGTACTA	128
p7	TTCTCCAGAT	129
p7	GAATGAGGAC	130
p7	GTAGTCAACT	131
p7	TCGGTACAGG	132
p7	GCGACATCCT	133
p7	AAGGAAGCCT	134
p7	TATGTGCGAA	135
p7	TTGGACCCAG	136
p7	ATTGGCATGC	137
p7	ATGCACTATG	138
p7	TTGGCAAGGA	139
p7	GGCTTTCGTA	140
p7	TGGAGAAGAT	141
p7	TCAGGGTTGA	142
p7	TCGCTTAGGC	143
p7	TACTAGGGAT	144
p7	GATGCTTCTT	145
p7	ATCAAGCGAT	146
p7	GTATAGGACC	147
p7	GGCTACTACG	148
p7	TTTGGCGCTT	149
p7	AATCCGTGAT	150
p7	CTCCGATCTT	151
p7	GCAAACACGT	152
p7	TAATTGGGCC	153
p7	GCCCAGACAA	154
p7	TGACTTGGGA	155
p7	CCGATGGTTT	156
p7	CCAGTAGGGT	157
p7	TGACGGGAGT	158
p7	GAGTAGCTCC	159
p7	GTTGCATAGG	160
p7	GCTGAGGAAG	161
p7	ATGAGCACCG	162
p7	AATGGTATCG	163
p7	TACCTCATCC	164
p7	AGAGAACATG	165
p7	ACACAGAACA	166
p7	AACGAGAGCT	167
p7	CAAGAGTATG	168
p7	GGTGAAGCCA	169
p7	TCCGTGCATA	170
p7	TCAGGCAACC	171
p7	CACACACCGT	172
p7	TCACTTGACT	173
p7	CTACTCGTAC	174
p7	TTTACACGGG	175
p7	TTAGGATCGC	176
p7	GTGAGAGCTG	177
p7	GGGATTGACC	178
p7	AGAGGCAAAG	179
p7	CAGTGCCTAT	180
p7	CGAGGAAGTT	181
p7	GGACGATAAG	182
p7	TATAGATCCC	183
p7	CCGTACTTGC	184
p7	AGGCTCAATC	185
p7	AGTCTCCTTA	186
p7	CGTTTAGATC	187
p7	GGTCAGACTT	188
p7	TTCAAGACGG	189
p7	GACTTGTACC	190
p7	AACTGTGTAC	191
p7	TCAAGTGGAC	192
p7	GCATAACCTA	193
p7	TTAGTCGGCG	194
p7	TGTGCTGGCT	195
p7	TTTCGCTTCA	196
p7	AAGCGTTCGG	197
p7	AATTTGCGCG	198
p7	TCGATTACCA	199
p7	CCTGAAGTTA	200
p7	CCTTGACGTC	201
p7	ACCTCTTCAA	202
p7	CAAGTTCGAT	203
p7	CAGCCGTAGA	204
p7	GTCCCTTTGG	205
p7	ATTTCGTCAC	206
p7	AAACGCAAGC	207
p7	GCCTATTCTC	208
p7	GTACGTCACT	209
p7	CAGGCCTGTA	210
p7	TATCGGCTCC	211
p7	TCCTCAGGTT	212
p7	GCCGTTCAAC	213
p7	AGTGGTGGTG	214
p7	CTTGTTGCAC	215
p7	ATACGACGCC	216
p7	TCTATTCCTG	217
p7	AACATCCTCG	218
p7	GTCTCGGTTT	219
p7	CTAGCAACAT	220
p7	TCGTCTGTGC	221
p7	GATCTAGCTC	222
p7	TTACAGTCCA	223
p7	CCAAGCGAAG	224
p7	ATCGTACTGT	225
p7	CCGCAGTGTT	226
p7	AGACGTCAGA	227
p7	ACTATTCGGT	228
p7	GCAGAGATGG	229
p7	AAGGGACCTC	230
p7	GAAATCCGCC	231
p7	CAAGTTGATC	232
p7	TGCACGCATG	233
p7	GCGTTAGGTC	234
p7	TTTCTGTCGG	235
p7	TTGCCTGAAC	236
p7	CAGAAGACTA	237
p7	CTGTGGTAAA	238
p7	GCACTACAGT	239
p7	CCCTAAATCT	240
p7	GCGCCAGTAT	241
p7	GTCGTGGTAC	242
p7	TTAGCTCTGG	243
p7	TGCGAAGGTG	244
p7	TGGGTATCCA	245
p7	TTCACTCGCC	246
p7	AGATCTACCC	247
p7	TTCATGTGGT	248
p7	CTTGCATCTA	249
p7	GCAGACTTTA	250
p7	CATGGCAGGT	251
p7	TGGCCTTGGT	252
p7	CTGTCTCGAT	253
p7	TGAGGATTTG	254
p7	GGAACACTAG	255
p7	GATTTCTGGA	256
p7	ATTCAGCTCT	257
p7	AGCCCGTAAC	258
p7	CATAGGTTTC	259
p7	GCTACCATTT	260
p7	AGGCAATGCA	261
p7	CCTCCTCCAA	262
p7	GGTATCGGTA	263
p7	CAATCTACGA	264
p7	AAGATGCCTT	265
p7	CTGGTGACAG	266
p7	GCCAACGATT	267
p7	GTTGCGCTCA	268
p7	GAAGGTTCAA	269
p7	AATTCCCGAA	270
p7	AAGGCGTTCC	271
p7	CCACTCCGAA	272
p7	GGGACTATTC	273
p7	CGGAATGAAT	274
p7	ATTTACCCTG	275
p7	CTTCTGATGA	276
p7	GCTACTGACG	277
p7	CGATCGATAA	278
p7	CACAATGCCG	279
p7	TAATCGCTGA	280
p7	GTGTCGTAGC	281
p7	AGTGCCTTGA	282
p7	TATACTCCGC	283
p7	CAATCGTGGG	284
p7	CGCTCAACTG	285
p7	TGCGCTCGAA	286
p7	ATGGTTTGGG	287
p7	TGTACAGCGA	288
p7	CCTCGATATG	289
p7	CAATGATAGC	290
p7	ACTTGCTTCT	291
p7	AACGACGTGT	292
p7	ATCCCTCCGA	293
p7	GCCAGTGTTG	294
p7	GAGGAAGTTG	295
p7	AAGCAAAGTC	296
p7	GCTTCGCATT	297
p7	CCGCTACTCA	298
p7	GAGTGTGGTT	299
p7	TATGTATGGC	300
p7	GCTCTTGGAA	301
p7	GTGTGACCCT	302
p7	GTTCTCTCCT	303
p7	ACCTTCAAGC	304
p7	TAGGGTGGCA	305
p7	ACAAACCCTC	306
p7	CGTTGCCCAA	307
p7	AAGCTTGTGC	308
p7	CCTTACTCAG	309
p7	GCTGATCTTC	310
p7	TTCGTCCGAC	311
p7	GCTGGTAGGA	312
p7	TGGCAGCAAT	313
p7	AGCCATAGGG	314
p7	GTGGTTGCCA	315
p7	GAGCACCACT	316
p7	CTTCACAGTC	317
p7	AAGTCCTTAG	318
p7	TGAGCGAGTA	319
p7	CTCAACCAGG	320
p7	CAGGAAAGCA	321
p7	TAGTGCTGTC	322
p7	CATCCACGGA	323
p7	TGGAGGACGA	324
p7	TCGTTGCTCT	325
p7	TCGGCTTATT	326
p7	TAGACCAGGG	327
p7	CTTTCGCGTG	328
p7	TACTCGATTC	329
p7	CTATGTCCAG	330
p7	ACCCTTATCT	331
p7	AGGGATAAAC	332
p7	GAGGTAATCT	333
p7	CAGGTGAACC	334
p7	CCACAAATTC	335
p7	GTGTTCGCAG	336
p7	GTGTGATGTA	337
p7	GACCAATCCT	338
p7	ACGTAGCGCA	339
p7	CCAAGGTGAT	340
p7	GATCGGGTGA	341
p7	TAAGAGGCCG	342
p7	CCGGGATTTC	343
p7	TCCGACGCTA	344
p7	GGAGCCATTG	345
p7	TCTTGTTGCC	346
p7	CGCATCTCTG	347
p7	GGCCTATGTT	348
p7	GACCTTGATG	349
p7	TCACAGAGAG	350
p7	CGTCTGGACT	351
p7	CACCCAGACT	352
p7	CTATTTGCCT	353
p7	AACGACCAAA	354
p7	CGCCTTTACG	355
p7	GTGGGCAATA	356
p7	TAGACTTGAC	357
p7	TGATTACGCG	358
p7	GGTGACATAC	359
p7	CATCCGGAAC	360
p7	TTCACCCTTA	361
p7	GACCCTCAAA	362
p7	ACAATGCTCC	363
p7	ATGTAACGAC	364
p7	AGGGATCGTA	365
p7	CGTCAAGCAG	366
p7	ATGCAGGTAA	367
p7	AGCGTGTCAT	368
p7	TCACACGTCG	369
p7	AGGCTGTGAG	370
p7	TAAGGTAGGG	371
p7	CATGAACGTG	372
p7	CGTATCTTGT	373
p7	ACAGCAAGTC	374
p7	CTGGTTCTCT	375
p7	TGTCAACCGC	376
p7	AGAAAGGCGG	377
p7	TACCGTACCT	378
p7	GGAATTCCGA	379
p7	AAATCCGCAT	380
p7	ATGTTCACGT	381
p7	ATACTCGCTT	382
p7	CAACACCCGT	383
p7	CTAGTGTTGC	384
p7	TCTGATCACT	385
p7	TAGCGTAATC	386
p7	CAATAGGTGC	387
p7	CAACCAGCTG	388
p7	TTGTACCTGT	389
p7	AGTTTGGGAT	390
p7	CTACGGCTTG	391
p7	CATCATTTCC	392
p7	TTAAGCAGCA	393
p7	CTGGACGGAA	394
p7	TGCCGACAAC	395
p7	GTACATTCAG	396
p7	AACGCAAGAG	397
p7	CCAGATGACG	398
p7	GACAGCATTA	399
p7	AGGTACTGAT	400
p7	TTCATCGACT	401
p7	TCGCGTCAAG	402
p7	CACACTATCA	403
p7	ACTCACGGGA	404
p7	TGTTTCAGGC	405
p7	GAGAAGCGTG	406
p7	GATATACACG	407
p7	ATTGGGCATT	408
p7	CCGAAATAGA	409
p7	TTCAACTTCG	410
p7	GGACTACGAC	411
p7	TGAGTCCATC	412
p7	CCCAATCAAA	413
p7	GATTGGCAGG	414
p7	GTCCGGTTTA	415
p7	ACTTTAAGCC	416
p7	TCAGAGCTAC	417
p7	CCGAAAGGTG	418
p7	CTGAACGCTC	419
p7	GTTTCGAGGT	420
p7	CTTAATTGGG	421
p7	CTCTAGTCGT	422
p7	ACGCTGACTA	423
p7	ACTGGAACCA	424
p7	TTTGGACTCG	425
p7	TATTGGGCAA	426
p7	CGGTGAGGAA	427
p7	GAATGCACAG	428
p7	TGCTAACCCT	429
p7	TAAGTACCCT	430
p7	CCTGATAGAC	431
p7	CTGTGTGAGG	432
p7	TTCGCCTCCT	433
p7	TCCCTACCTT	434
p7	GACTCGTCTA	435
p7	CGTGAGTGCT	436
p7	GCTATAGCAT	437
p7	GTAGAGCTTT	438
p7	TCAGTAGTCA	439
p7	ACTGAAGGAT	440
p7	GACGCAGATC	441
p7	CCTGGTTTAG	442
p7	TGAAGGCCAT	443
p7	AACTATCCAG	444
p7	TGGATGCGTA	445
p7	GATGCCGTAA	446
p7	TATGCGCAGT	447
p7	GGGTACAGCA	448
p7	TGCCAGATGT	449
p7	AGAAGACTGT	450
p7	CTAAGAGCAA	451
p7	CACTCGCAAT	452
p7	AGACCGAGGT	453
p7	ACGCCACGTT	454
p7	CAAAGACGCG	455
p7	ACCACGGTAA	456
p7	GGTCTGTATC	457
p7	ATGGTAGATG	458
p7	GTCTCACGTC	459
p7	AACACTAAGC	460
p7	CTTCCATGCC	461
p7	TAGCCCGTTT	462
p7	TGTTACGAAC	463
p7	CTAAGGACTT	464
p7	ATTTAGCAGC	465
p7	ACATGACACT	466
p7	GCAAATTGCA	467
p7	CTAGAGAGCG	468
p7	GTTGTCTGAG	469
p7	AGCAAGATAG	470
p7	CAGTTCGATT	471
p7	ACCGTATGCA	472
p7	CTGACTGCGA	473
p7	CAACGCCTCA	474
p7	TGGAGCTTAG	475
p7	CTCAGTCATT	476
p7	AGCAGCTTCC	477
p7	CGTTCTTTAC	478
p7	TGACGCACTC	479
p7	AGGAGTTATG	480
p7	TATTCCACCG	481
p7	CTTGTCTACA	482
p7	GGAGTGTTAG	483
p7	TCTAGCGCCA	484
p7	TTGAAGTGTC	485
p7	CTGCCGAGTA	486
p7	AAAGAGCGGC	487
p7	TGCTTCGATG	488
p7	GAGCATAAGA	489
p7	CTCTCGTGCA	490
p7	GAAGGACATT	491
p7	CCTGCGACTT	492
p7	TTCCGAGGAG	493
p7	ACCACGTGTT	494
p7	GGGAAGTGGA	495
p7	TAGGCATCAG	496
p7	CTAGGTTACC	497
p7	CCTCTACAAC	498
p7	TTGCATGTTG	499
p7	GTCACCACAG	500
p7	GTAGAACCAC	501
p7	CAGTATGCAA	502
p7	CCTATTATGC	503
p7	ACGAGCAGTC	504
p7	ACGGAAATGC	505
p7	CGAGCTTTCG	506
p7	CGTGTAATGG	507
p7	CGGAATATGG	508
p7	GGTAACCTGG	509
p7	CGTTAGAACC	510
p7	CTTGATCCTT	511
p7	GTGCCTACCT	512
p7	GTGATACGAA	513
p7	TTCTGGCTAA	514
p7	AATGTGGCTA	515
p7	CCTGCTGTGT	516
p7	TGGTACTCTA	517
p7	TAGGAGCACA	518
p7	ATTGTCGTCT	519
p7	ACCTTTGACA	520
p7	TTACAGCGGT	521
p7	ACGCACCTAC	522
p7	GCCTTACTGA	523
p7	ACCGGTTAAT	524
p7	GTAACGGTCG	525
p7	GAAGTCACGC	526
p7	CCGTGCCATA	527
p7	ACCGGAGCTT	528
p7	TCGTACAACT	529
p7	ACCATACGAC	530
p7	ACATCGTAAG	531
p7	AGCCGCTCTA	532
p7	TAGCGCCCAA	533
p7	TATGCAGACA	534
p7	ACTCTCGACC	535
p7	TTCCCATGTA	536
p7	CGGAAGTCAC	537
p7	AGTCCTCACT	538
p7	GATGAGGTCT	539
p7	ATGACCTGGC	540
p7	ATTAACGGAC	541
p7	AACCAGGATC	542
p7	CTTGGAAATC	543
p7	AACTCCGGTC	544
p7	CTATGCTGCG	545
p7	TCATCAGCCG	546
p7	AGCAATCACG	547
p7	GTGCATTGGC	548
p7	GTAGACGCTG	549
p7	ATGGCAAACC	550
p7	CAACTCTGTT	551
p7	TTCTCTGGGA	552
p7	GCTACAGTGC	553
p7	ACGATTGCGG	554
p7	TACTATTGGG	555
p7	GCTCGAAACT	556
p7	GAGGAGTAAT	557
p7	TTTGCGATAC	558
p7	GCTTTCAATG	559
p7	ACAGTCTCAC	560
p7	AGTTATTCGG	561
p7	CGGTTGCAGT	562
p7	GGCAGCTAAA	563
p7	ATGACGCCAA	564
p7	AAAGGCGTTG	565
p7	TCCTAGCACC	566
p7	CCCTCATAGT	567
p7	AACCCTGCTT	568
p7	TTATGGGATG	569
p7	CAGCGAACAC	570
p7	GACTCAAAGG	571
p7	ACACTTTCGA	572
p7	AACCCATATG	573
p7	ATTCGTTGGA	574
p7	AACCGGCGTT	575
p7	ACACCTGATC	576
p7	GTGCCAGAGA	577
p7	ATCAGAAGTG	578
p7	TCGGATAGCG	579
p7	CCACGTGTAA	580
p7	GGTTAACGAG	581
p7	CACGTCATTT	582
p7	TGGGAGTCGT	583
p7	GGTAGGCACT	584
p7	CAGGGAGAGT	585
p7	GGGTTTACGC	586
p7	ATTACGGACT	587
p7	CGCGAAGAAA	588
p7	CACCTATGAG	589
p7	GGTTATGATG	590
p7	GTCTGCTCAT	591
p7	CATAGTTGCT	592
p7	CGCTTACTAT	593
p7	CCCGTCGTAA	594
p7	AGTTCTAGAG	595
p7	TTACCTGCGT	596
p7	GAAAGCGCGA	597
p7	TGCACTTACT	598
p7	GTTAGGAAGC	599
p7	GATTGCGATC	600
p7	AGTAGCGGCT	601
p7	TGTATCTACC	602
p7	ATCCTTCTAC	603
p7	GACGTATCGG	604
p7	TAGAGATGGA	605
p7	TATGCCGGTG	606
p7	TAGAGGGAGC	607
p7	TTCGCTGATG	608
p7	ATCGGTAGAC	609
p7	AGGAGAGTAC	610
p7	GTTCATGGCG	611
p7	GTACCCTCTC	612
p7	TAGTCACCCA	613
p7	CCTTGGATTG	614
p7	ACGTTTCTAG	615
p7	ATGTGGTGCC	616
p7	CTTCAAGAGC	617
p7	ATATCAACGG	618
p7	TGCAATACCC	619
p7	CAGGATCAGG	620
p7	AGCACTGTGG	621
p7	AGGACCAAGT	622
p7	CTTCTACCGT	623
p7	GAAACGAAAC	624
p7	CGTAAACGCC	625
p7	AACTCTCGGT	626
p7	CTACGCTAAT	627
p7	CGCCTTAGTC	628
p7	GGCCTTACAG	629
p7	TAGTTGAGGT	630
p7	CTGACAGTCT	631
p7	TTGACGTTGA	632
p7	CAGTCATACG	633
p7	ATCCGAGATA	634
p7	ACATAGGTCT	635
p7	GCATTAGTAG	636
p7	GTAAGGTGTG	637
p7	GAGTACTCGT	638
p7	GAGCGTTTAT	639
p7	GCCGGAATAA	640
p7	CGAACAAGGC	641
p7	GGACGTATCC	642
p7	GGGTAATAAC	643
p7	CCAGACAGGA	644
p7	TACAAGCGGA	645
p7	AGACACGCAC	646
p7	ACCTACAGAA	647
p7	CGACAAAGAA	648
p7	GAATGCGTCT	649
p7	TTCTTGAGTG	650
p7	CAAATGATGG	651
p7	GTACCGTGAA	652
p7	TTAAGCCAGT	653
p7	AGGCCATCAT	654
p7	GGATGTTCTG	655
p7	CACGAGTTAC	656
p7	AGGTTATAGG	657
p7	CTCTACATAG	658
p7	GTAAACTAGC	659
p7	TCTTAAGCTC	660
p7	CCGTCTATTT	661
p7	ATAGCGCACG	662
p7	CACCATCTAT	663
p7	TGTGACCGCA	664
p7	ACCAGCCCAT	665
p7	TCACCCTGCT	666
p7	GTGAAACAGT	667
p7	ACACGGTTTC	668
p7	AGCGATTGCC	669
p7	ACGAATGGAA	670
p7	TCAACCATGC	671
p7	TGATCCGTCC	672
p7	GTTTCTACTC	673
p7	GCATGGAAAT	674
p7	TTCGGCTAAG	675
p7	AATGGCCCAG	676
p7	GCGAAGAACC	677
p7	CTTAGAGGGT	678
p7	ATACACATCC	679
p7	CGTCCATAAA	680
p7	GCATCTGCTT	681
p7	GCTCAAAGTG	682
p7	GTTCGATTAC	683
p7	CCGAGAATCG	684
p7	CCAACCTCCA	685
p7	GACCGCAAAT	686
p7	TAAAGGGTAG	687
p7	TCATTCGCAA	688
p7	AGATGCCTAC	689
p7	GTCCAAGAAT	690
p7	AATCAGTCGC	691
p7	TCAACCCACG	692
p7	GTATCCCAAG	693
p7	CCTTTCGAGA	694
p7	ATGCGTGGCT	695
p7	TAAGCTATCC	696
p7	GTTCTTCGTC	697
p7	TATCAAGGAC	698
p7	GGCATACTCC	699
p7	AGCTGTCTCT	700
p7	CAGTTTCGGA	701
p7	GGACTCCTCT	702
p7	GGATTGAAGA	703
p7	GGCGTTATCA	704
p7	GTTGCTCCAG	705
p7	GGAGCGCAAA	706
p7	AAGGACACGA	707
p7	AGATTGTGCA	708
p7	CACATGGGAA	709
p7	AAGACAGCTA	710
p7	GAGAACGGAT	711
p7	CCATATCGGC	712
p7	ACTGAGTTTG	713
p7	CGAAGGTTCA	714
p7	TTCCTAGTTC	715
p7	TCTTAACGGT	716
p7	TTGACGAAAG	717
p7	ATTTCTGCCG	718
p7	TCCCGTTTGT	719
p7	CGCTTTGTGA	720
p7	TAGAGTCACT	721
p7	TACCTAGCAA	722
p7	CGAATATGCT	723
p7	GCGTCCGAAA	724
p7	CGTCCCATCT	725
p7	AGTGCACTCC	726
p7	CCCATGTAGG	727
p7	CTTCCCGGAT	728
p7	CCCGTGAAAT	729
p7	ACGCAACCGA	730
p7	GTCATTAGGG	731
p7	ACAGATGCGC	732
p7	TCCTTATACG	733
p7	CCATTATTCC	734
p7	GTCACATACC	735
p7	TCTGCGTGCA	736
p7	GTCAACCTAC	737
p7	ACTATCACCT	738
p7	GTGTCAACAA	739
p7	TCTCTCTGTC	740
p7	AGTTCATGCT	741
p7	CTGACACAAC	742
p7	TCCAAATCCA	743
p7	GGGTCTTTCT	744
p7	GTGTCCATCC	745
p7	AAACTGTTCG	746
p7	CGATACTGTC	747
p7	CGCGTTGCTT	748
p7	ATAGCCGCCA	749
p7	GGGCGTTACA	750
p7	GTGGGTTTCG	751
p7	TTGTAGGCGC	752
p7	CTCACGCTAG	753
p7	TCTGCTTCGG	754
p7	TGTCCTAAGA	755
p7	TGTCCTCGTG	756
p7	AGATAGAGAC	757
p7	GGTCCTGTTA	758
p7	ACGGCTACAT	759
p7	GAAACAGAGT	760
p7	ACTGTCTAGG	761
p7	TCGCCATCTC	762
p7	TGGGTACTAC	763
p7	AGATGAGCTC	764
p7	CAATTCCTTC	765
p7	GGAGACTCCT	766
p7	TGAGATACAG	767
p7	GATCATCCGG	768
i5	AGCAGTTGGTGG	1
i5	AGGTTATCGATC	2
i5	ACGTCGAGTCCA	3
i5	CTACTCGATCTC	4
i5	ATTTGCCCAGCT	5
i5	CTAAGAGCTCAA	6
i5	CGTCCAAAGGTC	7
i5	CTAAGGTCAGAA	8
i5	AATTAGAAGGGC	9
i5	CATCCTCCACTC	10
i5	ACGCGATCAGTT	11
i5	TTAGGCAATGTC	12
i5	AAGCTCTCTGAT	13
i5	CCTCATAGTAGA	14
i5	CATCTCGACAAT	15
i5	ACAACAGCGGAT	16
i5	CTGGGCTTGGTA	17
i5	CAAACACCACAT	18
i5	AACTGATAGGAG	19
i5	GGTTATGAGTCG	20
i5	ATAGCTGTGTCT	21
i5	GTTGTGATGTGC	22
i5	CGTCAATAGCTG	23
i5	GTGCACCATGTG	24
i5	TACCCAATGAAC	25
i5	GGTCGTCAATCA	26
i5	AGATACCTGGAG	27
i5	TCGACCAGATCT	28
i5	GCGGATAGTAGG	29
i5	AAACGGATCAGT	30
i5	AGCCATGAGAAT	31
i5	CGAGACGTTTAA	32
i5	GCTGTAAACGGC	33
i5	TCCCTATAGCCA	34
i5	CAGCAACCGATC	35
i5	TGTTCGGATTAG	36
i5	CAAATCGAAAGC	37
i5	GACGCAACCTCT	38
i5	GCTGATCCACCT	39
i5	ATAACGCAAGTC	40
i5	CCTCTGAAAGTT	41
i5	TGGTCGTGCCAT	42
i5	CGATGTCCAAGT	43
i5	GCTTCATGAACC	44
i5	TGCGTGCAGACA	45
i5	TTCTAACGCTTC	46
i5	TCTATCGACACA	47
i5	AATGGAGCAACA	48
i5	ATTAGGAGGTCT	49
i5	AGCTAGGGTGCT	50
i5	CGTAGGATTCTG	51
i5	ACAGATCAACGC	52
i5	TCGAGTTACTAG	53
i5	ACGCCGTGACTT	54
i5	AGGTGTGACCGT	55
i5	TATGATGTTCCC	56
i5	CTTCGCGTAACG	57
i5	TTCGCTGACAGA	58
i5	CGATTTCACCGA	59
i5	TGGTATGGAGGT	60
i5	ATCGAGTTAGGC	61
i5	AGATCTGTGACG	62
i5	TGCTAGCCTATA	63
i5	ATGTGCCTTCTG	64
i5	ACTCTTCCTCAT	65
i5	TGGGATTGACAG	66
i5	AACGTGATTTGG	67
i5	GGAGGTTACTAT	68
i5	GCATGTATCCTT	69
i5	ATGTGCATCTGG	70
i5	AAAGTCGCGTGT	71
i5	GGGCTACAGTTC	72
i5	CCTACCGTTAAT	73
i5	GACGGCATAATG	74
i5	TGTCCTGCGGTA	75
i5	CGACATCTGGAT	76
i5	ATGCGTATTCCC	77
i5	AAGCGGAACCTA	78
i5	CGGAACATTGTA	79
i5	GTGCTCCTAAGG	80
i5	ACCGTCCCATTC	81
i5	TGCTATCGGACG	82
i5	TTAGGATGCGCG	83
i5	ATCAGTCAAGGA	84
i5	CACAACCATGAT	85
i5	CATGTCCGAGTC	86
i5	TTATGGTAGACC	87
i5	TATACGAACCCG	88
i5	AACTAACGTCGA	89
i5	GGTAAATCTCCC	90
i5	GCTACAATGTGG	91
i5	TACACTCCACAA	92
i5	TAGATACATCCC	93
i5	GTTGTACGAGCC	94
i5	TTTCGCGTGTAA	95
i5	CGTTCGTTTATG	96
i5	TGGTGAGGTGAT	97
i5	ATTGGACTTAGC	98
i5	TGGACATACTGG	99
i5	TTGGCTGTCTGT	100
i5	CTCCCGTGTAAG	101
i5	CAATCTGGGTGT	102
i5	GGAAGTTCAGCA	103
i5	CACCATGCCATT	104
i5	CCGTGAAAGACC	105
i5	TGCAGAACAGTG	106
i5	TGGGAATGAGGA	107
i5	TAGACTGGACCA	108
i5	GGTAGTCGAAAC	109
i5	CTGCTGGGTTCA	110
i5	GGACCGACAATG	111
i5	ACGTCCGTAATT	112
i5	ACTTGAGTCATC	113
i5	TCACAGTGATAG	114
i5	GGGTACAGCTTC	115
i5	TTCTGCTGGAGA	116
i5	CTCGTAGAGCGT	117
i5	TCTGACGGGACT	118
i5	CAGACCTGCTCA	119
i5	CTCACTGGATAT	120
i5	TACTAGGGTTAG	121
i5	TAGGTAAGACCA	122
i5	GTCAGTAGTCTG	123
i5	ACGATCCGCACT	124
i5	TGGACGACGATC	125
i5	ACTGGATATGCT	126
i5	GTGACGCGGTAT	127
i5	CGTTTATCACAC	128
i5	GGCATAATGATC	129
i5	CGATTGGCGATA	130
i5	CGTCGTGAAATT	131
i5	ACCACGCAAACT	132
i5	AGATGCCGATGT	133
i5	GTGTTAGGCAAT	134
i5	TCTTCCTGCAAC	135
i5	CTTAGCAAAGAG	136
i5	TTACAGCACCGG	137
i5	AGATCGTTTGGC	138
i5	AGATTGGACAAG	139
i5	CACAAATCAACC	140
i5	AAAGGAACAGAC	141
i5	CACTGTGTTATG	142
i5	GTTGGCTATCAA	143
i5	CTCATGTAGTCT	144
i5	AGCATGCGCTTT	145
i5	GTTGGTCTACTA	146
i5	GTCGACAGATAG	147
i5	AGGAACGCCGAT	148
i5	CCGGAGAATACC	149
i5	TCAGCCCAAGTT	150
i5	ATCATTGAGGCT	151
i5	AAGCTAACGCAC	152
i5	TTAAACGCGAAG	153
i5	TTAGCTTCTCTG	154
i5	TTAGGTAGCAAC	155
i5	CCTAATCCTGAG	156
i5	AGGCGGCATTAC	157
i5	GAGCATCACTAC	158
i5	GTGCAATGTCGT	159
i5	CGGTGATGACTT	160
i5	CGACGCCTTATG	161
i5	CAAACAAGAAGG	162
i5	TGTGATTCTGTG	163
i5	ATAGGATGGCTC	164
i5	GTACTGGACCCT	165
i5	TGTTACTTCCCG	166
i5	GCAGAGAGAGAA	167
i5	GATGGCATCAAA	168
i5	ATTTAGGGCGGG	169
i5	CTTGCGGGTGTT	170
i5	CCTTTCCGTATC	171
i5	AAAGCGGGAGCT	172
i5	TTAGTGCTAGCA	173
i5	CTAAATGTTCGG	174
i5	CCCAAGATCGAC	175
i5	GAGTGGTTGACC	176
i5	TTCCGCTGATAT	177
i5	CGGCGACTAACA	178
i5	TGGGCACATTAG	179
i5	TGTTTCCGTTGC	180
i5	CCTTTCGGCAGT	181
i5	AACCGCTAATGA	182
i5	CTTAGGTAGCGT	183
i5	GCCACCTGATAC	184
i5	ACAGAAGGACCT	185
i5	CATACCCGGTTC	186
i5	AGTACGGAAAGC	187
i5	ATCCAAGCCGTC	188
i5	CCATCTCTGGGA	189
i5	TTGGTGATGTCT	190
i5	CTTGCTGCCTAT	191
i5	TACCATCCCAGG	192
i5	CGCCCTGCTATA	193
i5	CCTGTAGTGGCA	194
i5	TTTGCCGGAAGG	195
i5	GCTATTGGTAGG	196
i5	GAGTGTGGCATA	197
i5	ACGCTTACCCGA	198
i5	TTCAGTCGCCTA	199
i5	CAACGGCATGAG	200
i5	AGTGTCAGTCAA	201
i5	CGATTCCGGCAT	202
i5	GGATTGTTTCTG	203
i5	AATCGAACACGT	204
i5	CGAAGGTTCGAT	205
i5	AATCGCTGGATG	206
i5	AACTTGCTCACC	207
i5	TGCGCCAATCGT	208
i5	GTTGCGAATGGG	209
i5	CGAAGGGATCAT	210
i5	TTGCTGGATCGT	211
i5	GATGGCAAACAT	212
i5	AAACGTCCCGTT	213
i5	CTGCGCTTATCC	214
i5	TAGTCAGCGTGG	215
i5	CTATCCCATCCG	216
i5	ACATGCCGTGCT	217
i5	TGCTAATGACGT	218
i5	AACAGGCGGGTA	219
i5	TAGAGAGGCTGC	220
i5	GCACACTCTCCT	221
i5	CAGATCCGTGAC	222
i5	TCCGTAAGGTTC	223
i5	TTAGGTAGTGGG	224
i5	AATATAGGTCCG	225
i5	AGCCTCACCATC	226
i5	GGTTGTTCCATC	227
i5	TTGAGCCCGGAT	228
i5	GAGATAGTACTG	229
i5	AAACTAGCCCTA	230
i5	TGGAGTAACCAT	231
i5	GACCAGACCTGT	232
i5	GAGGGTGATTGC	233
i5	CGCTGAGCCAAT	234
i5	TTAGAGCCCACT	235
i5	AATTCTGTTGCG	236
i5	CTCATCTACGTC	237
i5	GGGACTAATTCC	238
i5	AACTTCGACCAG	239
i5	GTATATCCGGAA	240
i5	TTCCGAGCAACT	241
i5	GCCCGTGTTGAT	242
i5	TGCCGTCTCAAC	243
i5	TATCGCCGGGTA	244
i5	GTCATAGCGTGT	245
i5	CGCGCTATACGA	246
i5	TGCAAGTGCACT	247
i5	ACTGCACGCCAT	248
i5	CAGCGAAGACCT	249
i5	ACGCATAGGCAC	250
i5	ATTTCGATGACG	251
i5	AAGCGGGCTTGA	252
i5	TGTGACTTAGGC	253
i5	TTTCGAAGAAGG	254
i5	CATTAGTGTACC	255
i5	TAGGCAGATGGA	256
i5	CCAGCTTTCCGT	257
i5	GTAACTTGCCCT	258
i5	GGATCAACTATC	259
i5	TCCACTTGGATA	260
i5	TGCGATCGTTAG	261
i5	GTCCGGTCCAAA	262
i5	GCGTTATTGTGC	263
i5	AACGACTGCTCG	264
i5	TAGCGTCATATG	265
i5	GGACTTCTAGTT	266
i5	CCCTGGCAGTAT	267
i5	TCCACATCACTG	268
i5	TGAACCATCGTA	269
i5	GTCCACCTAGAC	270
i5	GAACCTCAGGCT	271
i5	CCCATCTGGAGA	272
i5	GATCAGTAGGAT	273
i5	GGTGTCGGTTGT	274
i5	CCTATTGAAGCC	275
i5	GATTCGCGTGCA	276
i5	AACATGAAGCGC	277
i5	GTTACCCTCGGA	278
i5	CGTGATGAGGTA	279
i5	GTTGGAGACTAA	280
i5	CGACGAGAGATC	281
i5	GGCGGGATATTC	282
i5	CCTTAAGTAGTC	283
i5	ATAGCCTCCGTA	284
i5	GGCGTACTTCTA	285
i5	CCACTCTAGGTC	286
i5	GCTTTCAGCCAG	287
i5	GATGAACATGTC	288
i5	CCTAAGCTAGCT	289
i5	GGTGGCCGTATA	290
i5	GAGGAATCACGG	291
i5	GCGCACGGTAAA	292
i5	GAAGTTCTTAGG	293
i5	ACCCACATGCTT	294
i5	ATTTGGCCTCTA	295
i5	GACATTTGACAG	296
i5	TGACACAGCGAC	297
i5	AGGGACGGATTC	298
i5	GGTCTAATTAGG	299
i5	GCCTTAGCTAGC	300
i5	CGGATCACCTGA	301
i5	GCGATGTACGAC	302
i5	AGTCCTGGTACT	303
i5	CAAATCTCGCCG	304
i5	CTGTGAAGAGAA	305
i5	TAACAGTGCCTT	306
i5	CTTCCTGCTGTC	307
i5	TCCTTAGTCGGG	308
i5	AACCCACTATCT	309
i5	TCTAATGCCTGC	310
i5	CAGCTCAGGACA	311
i5	GCGACGTTACGA	312
i5	TTCACTACGTAG	313
i5	GTGTCGAAGCTC	314
i5	GGGCGTATTTGA	315
i5	TCCGCGGCTTAA	316
i5	AAGTAGCCCGCT	317
i5	TTGTCCTCGACG	318
i5	TGAACCTGATCG	319
i5	GAGAGGTCCACT	320
i5	AAAGCACTAGCG	321
i5	TAAGTAATCCCG	322
i5	TACAACCCGATG	323
i5	GGAGTGTTGGAA	324
i5	GCGTAACCAGTA	325
i5	GCCTAAACGAAG	326
i5	ATCGTACCCGTT	327
i5	CGAGAATCGACG	328
i5	AAGTTGTGCTAC	329
i5	GTAGCCTGTTAC	330
i5	TGTTTCGGTACA	331
i5	GTGCAAACCACT	332
i5	GTACATAGATCC	333
i5	GCTCTTTCAGAA	334
i5	GGGCATAAACGT	335
i5	CGTGCAACACAA	336
i5	TAGCATCGATGC	337
i5	GCGTGCTACCAA	338
i5	CTAGACGACCTG	339
i5	GCGAACGTAGAC	340
i5	AAGGGCAAATCA	341
i5	GCTCCGGAAATT	342
i5	GTATGCCGAGAA	343
i5	CTTTAACTGCGC	344
i5	ATGCGTAGCTGA	345
i5	GATAGGTGTAGC	346
i5	CCGGATCAAGTT	347
i5	TAAAGCCGGTGC	348
i5	TCAGGGAAAGCG	349
i5	CATCCTCATCAA	350
i5	GAAGTCGTAGTA	351
i5	ACATGGCAAGCC	352
i5	TGAACGCAATCC	353
i5	AGGTGCAAGGTA	354
i5	GGGCAGTGGTAA	355
i5	ACGTACGGTCAT	356
i5	TCCCTAACCATA	357
i5	GCTTTGCGTCGT	358
i5	ACTCATCGTCTC	359
i5	ACATCCGGTCTC	360
i5	TCCACACCTCCA	361
i5	ACTGCGACAAAG	362
i5	GTAGGTACTAGC	363
i5	ATAGGTGGTACC	364
i5	ACCACGGCTGTT	365
i5	AGGCATGCAGAG	366
i5	CACCGAAGGTCA	367
i5	ACCTCACTCGAA	368
i5	CTAGGCCTTTGA	369
i5	AGACTAGGAGGA	370
i5	TTAGGGACCCTC	371
i5	TGTTCTCTCTGG	372
i5	ATTGGGCTAGTT	373
i5	ACTCCGATGGAC	374
i5	ACAGGGCCTCTT	375
i5	TCAGCATTTAGG	376
i5	GTGTAACGCGGT	377
i5	CAGAAGGTTGTT	378
i5	GAATCGGTGTTC	379
i5	GAATCAGCTTGA	380
i5	TGCGTTGATGTG	381
i5	ATGGACGATCGT	382
i5	CCTTATATGTCC	383
i5	AATCCCGCGCTT	384
i5	CACCGTATGTTC	385
i5	GAGGCATTTGCA	386
i5	GTACATCTTCAC	387
i5	GGGATTAGCTGC	388
i5	GGGTTGAACCTA	389
i5	TCGTCACTTAAG	390
i5	TCGCTTAGCCTT	391
i5	AAATGCTACGGG	392
i5	GTGTTTGTGAGC	393
i5	CTGGTAGCGTAT	394
i5	TAAGTGGGTCGA	395
i5	TTTACCACGCCA	396
i5	AGGCTGCGTCTA	397
i5	GGTTGTCCTCTG	398
i5	GTTCTGAGCGAC	399
i5	ACCCGAACTCAT	400
i5	AGCGGCTGAAAC	401
i5	GAGACAATGACG	402
i5	GTTCTCCTACTC	403
i5	GCTTAAGCCGTT	404
i5	TCAAGGCCTGGA	405
i5	CTGACGAGAAAC	406
i5	ACCAGTTCACCC	407
i5	CTTAGACGTCTT	408
i5	CCGGCATATGAG	409
i5	ACATCTAAGGAG	410
i5	GGAGTTTGCACA	411
i5	GTGAGCGATCGA	412
i5	CAAATGACGGGC	413
i5	GCTTGATCCCAG	414
i5	TGACACTGTGCG	415
i5	CTCAGATAAGGG	416
i5	CGTATGAACTCC	417
i5	GCAATCGGAACC	418
i5	AACTGCGTCTTT	419
i5	ATGACCACCAAT	420
i5	CTAGATGGCGCA	421
i5	GGGCTCCGAATA	422
i5	TGCCTATGGAGT	423
i5	ACATAGTGGCGT	424
i5	GGGTATCTACCT	425
i5	TTCAATTGCAGG	426
i5	ATGCTCTGGCTA	427
i5	GGTAGAGAGCTC	428
i5	CGAACGATACAG	429
i5	CCTCGTCAGAAC	430
i5	CCATTACGATTC	431
i5	GACAATAGGAGA	432
i5	GTGAAGCTTATG	433
i5	GTCGCTAAGTAA	434
i5	CCGGTACATTCC	435
i5	CGTGTACTGAAT	436
i5	TGGGTTTGTACT	437
i5	GAAAGCATGCGA	438
i5	AATGGTTCCCTT	439
i5	CTTGCGTATCAG	440
i5	CGCCGAATTACT	441
i5	AGGCTCTGCTGA	442
i5	CGCGACTTGAGA	443
i5	TATCAAAGGGTC	444
i5	GACAATCGAGAA	445
i5	TGCTGAGTTCCT	446
i5	CGCTATCTCTTG	447
i5	TCGAGCATTATG	448
i5	CGCGATACAAAT	449
i5	ATGTCGCCTGAA	450
i5	TCACCAAACCGG	451
i5	ATGGACACGTTC	452
i5	GTCCAGATTTCC	453
i5	GGATAAAGGGAT	454
i5	GGAAGCTTATCC	455
i5	GGTCGACAGAGA	456
i5	TAGATCCACGTA	457
i5	TGGCTTCTACCA	458
i5	AACCACCTAAAG	459
i5	ATCATGCGTAGG	460
i5	CACCTTACTAGA	461
i5	GCTTTCCAACGG	462
i5	GCTATGTCTCTC	463
i5	CTACATTCACCA	464
i5	CATGTTCTGTGA	465
i5	CAGTGATTCTGT	466
i5	TAACCCAACGAG	467
i5	CGTCCCTAGAAC	468
i5	TGCCACTTCGCT	469
i5	CACCTGTAAGAC	470
i5	TACCGCTTCCAC	471
i5	AATGGCTTGTAG	472
i5	TGGGAGAGTTCT	473
i5	GAAGCACTCATT	474
i5	TCGTGGAATTAC	475
i5	GCGGAACTAGAG	476
i5	GCTGGTAGATAA	477
i5	CTTTAGCCCTAT	478
i5	TAAGACTGAGGG	479
i5	AGAATGGCACTG	480
i5	GCTAGCTAGGAT	481
i5	TGGCTCGACTCA	482
i5	TCTCTGACTTGA	483
i5	AGGAACTGTCGT	484
i5	GTGTGAGCATGC	485
i5	TAAGATGCTGGG	486
i5	TGCCTTGTTACC	487
i5	TGAGCTAGACGC	488
i5	TGTGACAGGTTC	489
i5	TCGGTACTAACT	490
i5	CAGGGTTACTCT	491
i5	CTTGGATGATGC	492
i5	GATTCCATTTGG	493
i5	GTCGAACCTATT	494
i5	CAAGATTACCCG	495
i5	GTTTGCCACACA	496
i5	GAAGCCGTTGGT	497
i5	GGACGATGTCTG	498
i5	AAGACACCAACC	499
i5	GTTACAGAACGC	500
i5	TCTAATTGCGAC	501
i5	CAGAATGCCTGA	502
i5	TCGCGGAAAGTC	503
i5	TAAGGAGTCTTG	504
i5	CGACTTGCAAGA	505
i5	AGAGTTTGAAGG	506
i5	CTCACAAGCCTA	507
i5	CCTGATAACCAA	508
i5	CATCCGTTGACC	509
i5	GACGTCCCTCAT	510
i5	TAACGCGTACCC	511
i5	CGCGTTAATATC	512
i5	AAACCTAAGTGG	513
i5	GATATGGTGCCA	514
i5	CAAGTTAGTGAC	515
i5	CGCGAGAGCTAT	516
i5	GATACGCCGTAG	517
i5	GATGTTTCACCA	518
i5	TCCTGATTTAGC	519
i5	ACCCGAGTCAGT	520
i5	TAGGTTGCACTA	521
i5	GCGCCTGTATAA	522
i5	AGTCGGTTGTGA	523
i5	GCTTACAATCGT	524
i5	CCCAATACGTGG	525
i5	GATACTTGCTGG	526
i5	ACCCGGTATTCG	527
i5	GTTGGGCTCAAG	528
i5	GAGTTATTTCGG	529
i5	TTTCTGGCGCAG	530
i5	TACATCACCTCA	531
i5	ACACGCGTGAAC	532
i5	GCTCAGCGTTTA	533
i5	GAAGGGTGGTAT	534
i5	CGGAACTATACT	535
i5	GGTAATACTCGG	536
i5	CAGATCGAGGGA	537
i5	CTTGGCAACAGC	538
i5	AGGGATGAGTAA	539
i5	ATGGTCATGCGG	540
i5	AAGCGCCATCGA	541
i5	GCTAGTCAAGAG	542
i5	CCATCCTATCGT	543
i5	GAGCACATCTCC	544
i5	TACAACGTAGCT	545
i5	CTGAAGATGTGC	546
i5	TAGTCCACCAGT	547
i5	GGATTCAACACG	548
i5	TTTAACGCCTCT	549
i5	GGCCATCCACAA	550
i5	CTTACAATGCGA	551
i5	CGATATCGATCC	552
i5	AGTTTGGAGCAT	553
i5	GTCACGCCCAAT	554
i5	CTTTAGCTGACT	555
i5	CCACGTCACTTA	556
i5	ACTAGTCCGGAA	557
i5	CTCCGATATGAC	558
i5	GATAGACGAAGA	559
i5	ACGGGTTCTTGT	560
i5	GTCACCATAGTA	561
i5	GTTCTTGACAAG	562
i5	GCTTCTCACAAG	563
i5	CGACGAAGAAGA	564
i5	GGCACTTCATCT	565
i5	ATAGCGAGTCAC	566
i5	GAGGGTATAGTT	567
i5	ATCCGTGGTTGC	568
i5	GGTGTTCCCTAC	569
i5	CAACCACGAGTG	570
i5	AACCGAATTCTC	571
i5	AAAGGATCGGCT	572
i5	TGTCAGCACAAT	573
i5	CCTTCCACCTGT	574
i5	TTACTTACACCC	575
i5	TGAAGTTCCGAG	576
i5	GGCGACCTATGT	577
i5	TCCAGACGACTT	578
i5	TACACCAGAGCC	579
i5	GCAGGATTAAAC	580
i5	AGTCTGTGTAGA	581
i5	CTTGAGACTCCG	582
i5	CTTTGGGACGGT	583
i5	TCGCGAGATAGT	584
i5	GTACTTCCTTTC	585
i5	CAGGCCCAAGAA	586
i5	AAACCCGAGATA	587
i5	ACATCTCTCCCG	588
i5	GAATGACTGACA	589
i5	GAGTCGCATCAG	590
i5	TATGGTCCAGAC	591
i5	CACACCTATATC	592
i5	AACCATGCATGA	593
i5	TTGTCTCTTGGG	594
i5	ACAGTTAACGGT	595
i5	CGAAGATCACTC	596
i5	GCTAAGGATTAG	597
i5	AAATTGAGGAGG	598
i5	AATGGCCGTTTC	599
i5	TTGAGTGCTGTG	600
i5	ACGCGGTATGTA	601
i5	GCTTCGGAGTCT	602
i5	TTTCTGCAGACT	603
i5	CTTCATGTACCT	604
i5	TCGCTTCCGGTT	605
i5	CGAAACTTACGG	606
i5	ACAGCGTCACTA	607
i5	CCTACTAGTTAG	608
i5	GGATAAAGAAGG	609
i5	GAACACGTTCCA	610
i5	GCCTGCTTATGA	611
i5	AGGCGACTACAC	612
i5	ACGCAAGACGAG	613
i5	ACCAATCGCTTG	614
i5	GTCAGGGTACTT	615
i5	TGTCAGGAACAC	616
i5	GTTCGTGTCCGT	617
i5	AGAGTGTGCCGT	618
i5	TTCCAGAGGTCT	619
i5	ACCCGATGGCTA	620
i5	GGTTTAGTCGTA	621
i5	CTAATTTGTGGG	622
i5	AGGGATCCATTA	623
i5	TTGCATGTACGC	624
i5	CCACAGCGAAAC	625
i5	CTAACAGTACTC	626
i5	GTGTCATGAAAG	627
i5	AAGTGTCGTGGA	628
i5	CGACAGTCTTAT	629
i5	TATGCACCGGAT	630
i5	CTATGCTTGCCA	631
i5	TACTAAGCAGTG	632
i5	AGTGCCTAACAA	633
i5	GATCCATTCGTG	634
i5	GTACCTATTCCA	635
i5	CTGTCTACACGA	636
i5	ATAGGTTTCGCC	637
i5	AGGTCACGACTA	638
i5	TACCTCCAACTT	639
i5	CCACCGCCTTAA	640
i5	ACTCGTTCCGAT	641
i5	CAATCCTTCAAG	642
i5	CAATCTGACGTA	643
i5	ATAACCCGCTAA	644
i5	TAGTCCGAGATC	645
i5	GGGACAGTGTAT	646
i5	CGCCACCATTTC	647
i5	AAATAAGGCCAG	648
i5	TTTGTGTTACCG	649
i5	CAGTTATAGGCC	650
i5	GACGTTGGGATT	651
i5	TGCCGTGAGACA	652
i5	TGACCACCAATT	653
i5	TCTTTGACGCTG	654
i5	GTTCTCAGTAAG	655
i5	CTGTTGGTCCTT	656
i5	ATTCATTTCCGC	657
i5	CACGCAAGGGAA	658
i5	GGCCTCTGCAAT	659
i5	CAACCGTACATC	660
i5	TTGTTCCTCTGC	661
i5	CTTCTAGGCTAC	662
i5	GGAACGTCAGTT	663
i5	AGTGTCGGGTTG	664
i5	ACCCACAGCAGT	665
i5	ATGTCTAACGCC	666
i5	GGGTTCTAGCCA	667
i5	TATCCATGACCC	668
i5	GATTTCCGGACT	669
i5	TAGGCTAGTTTG	670
i5	AGCAGGTATGTT	671
i5	GATGAAATCGGA	672
i5	CAAGTGTCTGTA	673
i5	TCGATCCATGGG	674
i5	TTGATGCGACCA	675
i5	AACGAGCTGTGA	676
i5	GGCTGATATGCT	677
i5	AGGAGTCGGAGA	678
i5	AATCACGCTTCG	679
i5	ATACTAAGCGCT	680
i5	ATCCAGTCTGCA	681
i5	GTGCTTTCAACA	682
i5	TACGATCTATCG	683
i5	CGAAGGAAGCCA	684
i5	GCAGCTGATGTG	685
i5	CTGGGAAATGTT	686
i5	TGATCACTGCAT	687
i5	TTCTCATGGTCA	688
i5	TACAGCGCCGTT	689
i5	GTCCTATGTCCG	690
i5	ATAAGGTCCTGA	691
i5	TCTATGCGTACC	692
i5	GACTTACTGCCG	693
i5	TTCGGTTCCCAC	694
i5	CTTAGCGTGAGT	695
i5	CCTGGGTTAATC	696
i5	CGCAAGTAAAGC	697
i5	CACCATTTACCC	698
i5	TCGCGATCTGAC	699
i5	GTACAACTCTAG	700
i5	TGGAACAGTCTG	701
i5	TCTGTACGCTGA	702
i5	ATTGCCTTCTTC	703
i5	TACGGCTTTCCT	704
i5	AGATTTGAGTCC	705
i5	TAAACGCTCCAG	706
i5	AAGCCCATTGCC	707
i5	ACTAACGGTATC	708
i5	TGGCCAGTACTA	709
i5	TTTACCCGTCGA	710
i5	AGGGAATGTTCA	711
i5	TCATTCACGAAG	712
i5	GCGCAGTTTATA	713
i5	TCGTTTCGCACG	714
i5	CAGTCGTGAGGA	715
i5	GTGCCTTTAAGC	716
i5	GTTATCAGGGCC	717
i5	ACGGTTCCTAGG	718
i5	ATTACTCGTGGG	719
i5	TCGCGCTTGACA	720
i5	TGCGAAGCTCAC	721
i5	AAGCTCAACGCA	722
i5	CAGTTGACGCTC	723
i5	CTAATCCAGATG	724
i5	GGGAACAAGTCA	725
i5	GACGGAGAACCT	726
i5	ACCACTATTCAC	727
i5	CCCATGACGGAA	728
i5	TTCCTCAGCCTC	729
i5	CACGTTCCAGCA	730
i5	TGCACGTTAACC	731
i5	GGGCTAGGAGAT	732
i5	TGACTATTTCCC	733
i5	GTCTCTGCTATT	734
i5	ATCGAGGCCTAA	735
i5	AAAGCCCACGAC	736
i5	CGTAAGGCTAAC	737
i5	TATAAGTGCTCC	738
i5	GACATCGAGTAG	739
i5	CGTACTTCCTCG	740
i5	AAAGGGATGCCA	741
i5	TTGACAAGTCCT	742
i5	ATCTCGCCACTT	743
i5	CAGAATCCTTCC	744
i5	CACTTCTCCTAC	745
i5	GATCTACGCCGT	746
i5	CGCTGATGATGA	747
i5	AGGTCCCAATCG	748
i5	TGCGTCGAGTAC	749
i5	TTTCCACGCAGT	750
i5	AGCGAATAACCC	751
i5	GGAACGGTCTCA	752
i5	ACCACGAAGGGA	753
i5	AATCGTCTGGAC	754
i5	AGCATACTCAGC	755
i5	TAGATCTGCCAA	756
i5	CAGCGTTGGTAC	757
i5	TAGTTGGTTGGA	758
i5	GAGAACGTCATA	759
i5	GAAGGACCTAGT	760
i5	TACGTGCAGTAT	761
i5	TTGTCATGCGTG	762
i5	CTCGACTTTCAC	763
i5	GTCAATTCTCAG	764
i5	TCATCCGCGACA	765
i5	GTCCCAATGACT	766
i5	TGCAGATCGGCT	767
i5	GGATACTCGTGA	768